,samesex,agechild,twin,familysize,familyincome,education,weeksworked,hoursperweek,laborincome
1,0,12,0,2,40628,10,52,40,18000
2,0,8,0,2,37009,14,14,36,3275
3,1,10,0,2,51094,13,0,0,0
4,1,13,0,2,111746,11,52,45,28000
5,1,4,0,3,33093,11,15,12,0
6,0,7,0,2,34000,11,39,40,14000
7,0,12,0,2,7700,10,4,30,900
8,1,7,0,2,46725,10,0,0,0
9,1,14,0,2,61873,10,28,30,8000
10,0,6,0,2,62856,11,2,30,0
11,1,14,0,3,65200,10,52,40,21000
12,0,14,0,2,39356,9,36,25,4356
13,1,12,0,2,37000,11,52,46,21000
14,0,12,0,5,36619,10,0,0,0
15,1,11,0,3,47746,11,24,65,30000
16,1,10,0,4,22000,10,0,0,0
17,1,5,0,3,40746,10,50,40,10000
18,1,14,0,5,87074,14,36,25,11000
19,0,7,0,4,31200,11,8,40,1200
20,0,5,0,2,40436,10,0,0,0
21,1,15,0,4,86200,9,52,37,36000
22,0,8,0,2,25350,11,0,0,0
23,0,0,0,2,14920,11,0,0,0
24,0,11,0,2,41700,10,52,40,22000
25,0,10,0,2,71873,15,52,40,36000
26,0,1,0,2,53592,16,42,45,30612
27,1,2,0,2,56000,14,52,24,29000
28,1,1,0,2,60000,12,0,0,0
29,0,4,0,3,45900,16,26,40,6600
30,0,1,0,2,12346,11,0,0,0
31,0,6,0,2,26726,11,52,40,21542
32,0,12,0,3,54800,10,36,30,6800
33,1,14,0,2,18550,10,23,40,13000
34,1,2,0,2,9708,8,0,0,0
35,1,3,0,4,34086,11,2,25,891
36,1,4,0,2,44740,10,52,50,0
37,0,2,0,2,50400,11,0,0,0
38,0,9,0,2,44500,14,34,24,8000
39,0,11,0,4,105000,10,36,60,36000
40,1,10,0,3,90000,15,52,40,32000
41,0,0,0,2,75746,10,0,0,0
42,1,7,0,2,40000,8,0,0,0
43,0,16,0,2,84900,11,42,40,21000
44,0,2,0,2,662,12,45,6,0
45,1,5,0,3,49000,10,52,40,28000
46,0,13,0,3,74158,15,42,40,40000
47,1,6,0,2,9924,11,0,0,0
48,0,7,0,2,45850,10,52,40,40250
49,1,15,0,3,82400,14,36,20,6900
50,1,1,0,2,54794,10,39,30,7900
51,1,3,0,2,13200,10,35,40,11000
52,1,2,0,2,45744,12,12,30,5306
53,0,9,0,2,78607,11,0,0,0
54,1,9,0,2,91995,13,3,14,0
55,1,5,0,2,82000,13,0,0,0
56,1,1,0,2,49700,11,52,40,28500
57,1,0,0,2,53746,11,50,60,0
58,0,13,0,3,36908,11,52,34,12559
59,0,12,0,2,37550,11,52,31,12874
60,0,1,0,2,42000,12,0,0,0
61,0,0,0,2,86000,14,20,20,2500
62,0,5,0,2,40000,11,0,0,0
63,1,14,0,2,80661,11,35,22,3899
64,0,6,0,3,63000,11,52,40,29000
65,0,3,0,3,48946,14,52,20,6000
66,0,11,0,3,41746,10,0,0,0
67,1,6,0,2,73400,14,30,8,400
68,1,13,0,2,126177,10,0,0,0
69,1,7,1,2,78300,10,52,40,28000
70,1,2,0,3,83800,11,0,0,0
71,1,6,0,2,57450,11,0,0,0
72,0,2,0,2,119200,14,0,0,0
73,1,6,0,3,46600,11,52,40,33900
74,0,5,0,2,63961,15,0,0,0
75,0,0,0,2,93600,14,40,40,45000
76,1,12,0,4,40902,11,0,0,0
77,1,9,0,2,51746,11,10,40,12000
78,1,4,0,2,45000,15,0,0,0
79,0,7,0,2,30000,10,52,20,9000
80,1,11,0,2,36850,11,52,40,16000
81,0,7,0,3,20400,10,3,20,400
82,1,1,0,2,18700,10,30,42,4104
83,1,0,0,2,19923,13,0,0,0
84,0,4,0,3,35084,11,48,40,21784
85,0,7,0,2,13873,11,52,50,13000
86,1,3,0,2,22746,10,26,40,4000
87,0,1,0,2,17400,10,0,0,0
88,0,1,0,2,19975,10,32,45,7975
89,1,2,0,2,17175,10,0,0,0
90,0,0,0,2,12500,10,4,40,1000
91,0,2,0,2,33686,11,30,40,18000
92,1,3,0,2,30873,11,52,40,14900
93,1,0,0,2,14000,10,0,0,0
94,0,6,0,2,16592,10,10,30,500
95,1,6,0,4,18876,12,0,0,0
96,0,0,0,2,16000,11,0,0,0
97,0,1,0,2,14500,10,16,38,2500
98,1,4,0,3,24012,11,0,0,0
99,1,10,0,3,39120,11,52,40,15800
100,1,1,0,2,19500,10,26,38,4500
101,0,7,0,2,31000,10,30,40,12000
102,1,2,0,3,21870,10,16,21,2600
103,1,6,0,4,55500,13,12,15,0
104,0,11,0,2,56607,13,52,40,35381
105,1,4,0,2,43793,14,52,40,27000
106,1,4,0,2,43000,14,52,44,31000
107,0,10,0,4,33800,11,2,80,3500
108,1,12,0,2,52100,15,48,40,20000
109,0,7,0,2,57426,10,50,30,28688
110,0,3,0,2,39073,11,52,40,18000
111,1,1,0,2,25510,13,11,40,6537
112,1,8,0,2,41834,11,52,50,18431
113,0,2,0,2,15000,10,52,48,15000
114,1,3,0,3,20873,11,0,0,0
115,1,2,0,3,22300,11,45,35,0
116,1,6,0,3,21300,11,22,50,0
117,0,2,0,2,18400,10,12,30,3000
118,1,9,0,3,28796,12,44,30,9050
119,0,7,0,3,17072,11,0,0,0
120,0,8,0,5,23941,11,0,0,0
121,1,14,0,2,11346,11,0,0,0
122,0,4,0,3,21240,10,0,0,0
123,1,13,0,2,71850,10,52,35,20000
124,1,7,0,4,26241,10,48,40,0
125,0,14,0,2,59139,15,52,40,30824
126,0,10,0,2,15785,14,36,26,8192
127,1,7,0,2,44353,14,40,30,16081
128,0,12,0,2,30000,10,0,0,0
129,0,10,0,2,32765,10,44,24,7794
130,0,3,0,3,20702,10,0,0,0
131,1,4,0,3,29505,14,36,35,2260
132,1,2,0,2,32200,15,0,0,0
133,1,3,0,2,1719,5,0,0,0
134,1,7,0,3,15640,7,6,52,400
135,1,7,0,2,47700,11,52,40,32000
136,1,0,0,2,87000,16,32,40,22000
137,1,8,0,2,13746,10,24,35,5000
138,0,14,0,3,40550,10,52,40,20000
139,0,9,0,2,30709,10,44,40,13039
140,0,2,0,2,12711,10,13,60,6000
141,0,10,0,3,50646,11,52,40,24000
142,1,14,0,3,41850,11,36,40,25000
143,1,1,0,3,51001,10,50,40,15000
144,1,10,0,2,61437,10,52,40,20496
145,1,13,0,2,9850,7,0,0,0
146,1,4,0,4,22040,7,16,92,4300
147,0,0,0,2,3340,10,0,0,0
148,0,6,0,2,873,10,0,0,0
149,0,9,0,3,71158,6,40,10,3080
150,0,0,0,2,28273,10,52,40,25000
151,0,8,0,3,27000,10,26,37,7000
152,0,10,0,3,29746,10,48,40,15000
153,1,3,0,2,26539,10,13,40,2500
154,0,4,0,2,0,11,0,0,0
155,1,12,0,2,33000,11,50,41,33000
156,1,6,0,2,64746,10,32,40,18000
157,0,14,0,2,32046,5,30,14,1300
158,1,2,0,2,8875,11,36,30,8000
159,1,8,0,2,123730,10,52,5,2000
160,0,5,0,3,50246,11,52,40,18500
161,0,6,0,2,93246,15,35,30,6162
162,0,5,0,3,40000,11,0,0,0
163,0,13,0,2,26120,10,40,25,7000
164,1,3,0,2,31103,10,50,12,1953
165,1,4,0,3,113579,11,32,40,6000
166,0,8,0,5,24000,7,52,40,14000
167,1,4,0,2,23700,10,0,0,0
168,0,4,0,2,49755,14,52,25,12271
169,0,1,0,2,25875,10,52,40,25000
170,0,9,0,2,35000,11,52,40,5000
171,1,9,0,2,45000,11,40,20,10000
172,1,4,0,2,6000,10,26,40,6000
173,0,3,0,3,16113,10,0,0,0
174,0,5,0,3,2700,16,0,0,0
175,0,14,0,5,54303,10,52,21,900
176,1,12,0,3,20327,10,52,37,19000
177,1,1,0,2,66678,13,52,30,15000
178,0,6,0,3,30473,13,52,12,648
179,1,9,0,3,76477,12,52,37,22488
180,0,7,0,2,15240,11,0,0,0
181,1,1,0,2,15179,11,52,30,14304
182,1,7,0,2,39000,5,48,40,15000
183,0,9,0,2,809,10,0,0,0
184,0,5,0,3,25476,10,40,35,14531
185,1,8,0,2,8400,11,15,16,3500
186,0,13,0,4,10209,6,36,60,5600
187,1,6,0,3,1373,6,4,40,500
188,0,2,0,3,29746,10,32,40,3000
189,1,3,0,2,25603,11,52,36,12000
190,0,8,0,4,29859,13,52,47,24000
191,0,10,0,3,10000,8,0,0,0
192,0,3,0,2,146200,13,22,7,1200
193,0,1,0,2,74527,12,44,40,19219
194,1,8,0,2,156579,15,0,0,0
195,0,8,0,2,48036,11,52,20,6000
196,0,8,0,3,90000,11,52,40,32000
197,0,8,0,3,150283,16,52,25,25000
198,1,6,0,3,93000,10,50,40,0
199,1,1,0,2,200250,14,0,0,0
200,1,4,0,2,15542,11,0,0,0
201,0,1,0,2,28246,13,8,20,0
202,1,15,0,2,74697,15,6,38,2000
203,1,0,0,2,108808,14,52,45,55405
204,1,3,0,2,101746,11,0,0,0
205,0,9,0,2,6000,14,0,0,0
206,0,3,0,2,72000,12,0,0,0
207,0,2,0,2,85641,15,2,20,242
208,0,4,0,2,51100,14,20,40,5000
209,1,7,0,2,165087,14,36,40,30357
210,1,5,0,3,53000,14,3,34,2800
211,0,12,0,2,43052,11,52,6,1300
212,0,5,0,3,22651,11,52,40,0
213,1,6,0,2,29050,10,52,40,15300
214,0,4,0,2,20000,10,0,0,0
215,1,4,0,3,32873,12,16,20,7000
216,0,12,0,2,11792,11,52,25,9792
217,1,1,0,2,85240,14,52,80,0
218,1,0,0,2,28200,11,8,40,1200
219,0,4,0,3,74000,10,0,0,0
220,0,5,0,3,26000,10,24,40,6000
221,1,6,0,3,69000,14,16,40,9000
222,0,10,0,2,44800,10,52,40,17000
223,1,9,0,3,57721,11,52,40,17000
224,1,7,0,2,56201,13,52,40,50000
225,1,3,0,3,78300,14,4,40,1200
226,0,8,0,2,2836,11,0,0,0
227,1,0,0,2,84198,13,52,40,32500
228,1,0,0,2,31000,11,40,38,6000
229,0,5,0,3,39865,11,24,40,9616
230,0,16,0,2,56000,10,0,0,0
231,1,10,0,2,51746,10,52,40,30000
232,0,3,0,2,46000,10,38,8,1000
233,1,2,0,2,77673,11,0,0,0
234,0,9,0,2,26100,15,20,35,5000
235,1,6,0,2,36640,10,0,0,0
236,1,1,0,2,23500,10,30,18,0
237,1,10,0,3,20464,11,0,0,0
238,0,4,0,3,37126,12,45,16,0
239,1,11,0,2,28488,11,52,35,11000
240,0,7,0,3,68000,14,0,0,0
241,0,14,0,2,58109,10,36,30,8603
242,1,4,0,2,55746,14,25,20,14000
243,1,1,0,2,106579,14,0,0,0
244,1,0,0,2,27400,10,48,40,25000
245,0,14,0,3,89130,14,52,22,13000
246,1,2,0,2,31300,14,52,40,19800
247,0,3,0,2,41283,11,52,12,648
248,0,8,0,2,69100,14,47,45,0
249,0,13,0,2,20295,14,25,40,18282
250,1,10,0,2,70540,11,45,25,9662
251,1,11,0,2,65122,12,52,50,15000
252,1,5,0,2,44000,13,52,20,36000
253,1,7,0,3,70365,14,0,0,0
254,0,12,0,2,55917,11,52,40,17149
255,1,0,0,2,51856,11,0,0,0
256,0,7,0,3,68000,14,0,0,0
257,1,13,0,5,57874,14,10,24,0
258,0,10,0,3,78000,10,0,0,0
259,1,2,0,3,12971,11,36,1,2000
260,1,4,0,2,107746,14,52,8,5000
261,0,3,0,2,32294,12,52,24,21374
262,0,5,0,2,80200,13,52,40,38000
263,0,2,0,2,20371,14,28,20,3600
264,1,5,0,2,56748,14,52,40,33000
265,0,15,0,2,136087,14,38,36,10000
266,1,4,0,2,67700,12,18,16,10000
267,1,9,0,4,12400,11,0,0,0
268,1,13,0,3,45000,10,52,70,0
269,1,7,0,2,35180,11,7,20,500
270,1,6,0,4,60601,11,0,0,0
271,1,13,0,4,204772,16,50,20,53000
272,0,15,0,2,98308,11,0,0,0
273,0,8,0,2,60707,16,0,0,0
274,1,12,0,2,111748,16,52,40,45000
275,0,14,0,3,199750,13,0,0,0
276,1,13,0,3,186369,11,0,0,0
277,0,10,0,2,186250,11,3,3,2500
278,1,3,0,2,81600,14,0,0,0
279,1,11,0,2,60070,11,1,30,200
280,1,9,0,2,112500,14,0,0,0
281,1,4,0,3,113000,15,52,16,10000
282,0,14,0,2,120501,14,35,16,5800
283,0,2,0,2,134200,16,46,35,52000
284,0,3,0,2,78200,14,0,0,0
285,1,3,0,2,99250,11,0,0,0
286,1,7,0,2,105400,14,50,40,0
287,1,2,0,3,86678,14,21,24,8670
288,0,0,0,2,100325,11,0,0,0
289,1,1,0,2,71704,16,51,25,9186
290,1,8,0,2,100000,15,0,0,0
291,0,9,0,2,87620,14,1,35,350
292,0,4,0,2,185452,14,0,0,0
293,1,11,0,2,101200,15,40,40,50000
294,0,8,0,2,56900,16,52,50,0
295,0,8,0,2,95050,11,52,40,33000
296,1,9,0,2,81373,12,26,24,11500
297,0,14,0,2,70000,11,52,40,30000
298,1,12,0,2,45746,10,52,40,19000
299,1,6,0,3,201150,14,51,30,8400
300,1,6,0,2,54000,14,0,0,0
301,1,4,0,2,78097,15,44,45,28795
302,1,1,0,2,108000,16,16,32,12000
303,0,6,0,3,41500,10,52,40,21000
304,0,4,0,3,131746,11,0,0,0
305,0,9,0,2,68746,11,52,40,50000
306,1,2,0,2,93000,12,40,10,0
307,1,11,1,5,36000,14,4,40,3000
308,0,8,0,2,67400,11,40,20,5800
309,1,3,0,2,80873,11,52,40,32415
310,0,5,0,2,102000,10,0,0,0
311,1,6,0,2,58746,10,52,35,26000
312,0,12,0,2,64519,10,52,45,20543
313,0,9,0,2,90746,15,52,40,50000
314,0,0,0,2,141000,14,48,40,50000
315,0,12,0,2,65866,13,0,0,0
316,1,13,0,2,98000,11,0,0,0
317,1,10,0,2,117386,14,34,17,6160
318,1,0,0,2,95600,14,52,45,26000
319,1,14,0,4,85200,11,0,0,0
320,0,0,0,2,33000,11,0,0,0
321,0,5,0,2,42903,11,50,40,12000
322,0,12,0,3,104000,15,40,40,37000
323,1,9,0,2,38032,11,50,35,14000
324,1,12,0,2,78826,13,52,40,48000
325,1,5,0,2,128826,9,52,40,0
326,0,3,0,3,43000,14,36,1,0
327,0,2,0,2,53000,11,52,40,17000
328,1,7,0,3,6846,10,52,35,6000
329,0,1,0,2,30400,11,52,45,18000
330,0,15,0,2,79918,11,52,40,26000
331,1,6,0,3,61746,11,52,37,21000
332,1,1,0,2,86343,15,50,26,30000
333,0,3,0,3,67478,14,12,8,750
334,0,7,0,2,62458,10,52,40,28356
335,1,10,0,3,37792,6,30,30,6000
336,0,5,0,2,18002,10,23,10,734
337,1,9,0,2,63250,11,0,0,0
338,1,14,0,2,23746,11,52,40,20000
339,0,5,0,3,4300,14,0,0,0
340,0,2,0,2,50775,11,52,40,18000
341,1,8,0,3,67186,11,12,28,2000
342,1,0,0,2,48052,12,0,0,0
343,1,4,0,2,84876,14,52,60,40000
344,0,8,0,2,76800,11,39,37,10000
345,0,6,0,3,206930,14,52,25,42000
346,1,2,0,2,58240,12,48,14,8500
347,0,1,0,2,15287,11,13,40,0
348,1,16,0,3,67619,11,52,40,25000
349,1,13,0,2,42473,15,4,20,900
350,1,3,0,3,46750,10,0,0,0
351,0,6,0,2,61934,11,0,0,0
352,0,7,0,2,59200,11,0,0,0
353,1,2,0,2,18500,11,50,40,17000
354,0,13,0,2,450,10,0,0,0
355,1,4,0,2,53000,11,52,40,21000
356,0,10,0,2,50703,11,7,10,1000
357,1,5,0,4,45000,11,0,0,0
358,0,8,0,2,29321,10,49,20,9500
359,0,7,0,2,20600,10,52,40,18000
360,1,2,0,2,70000,14,52,24,21000
361,0,7,0,3,25052,7,18,6,400
362,0,3,0,2,49790,14,16,40,14853
363,0,0,0,2,57546,10,16,16,800
364,0,11,0,2,42139,15,52,48,34154
365,0,6,0,2,47746,12,52,40,22000
366,1,2,0,2,28173,11,52,40,27000
367,0,8,0,5,20040,10,0,0,0
368,1,3,0,3,50800,10,18,40,10000
369,0,6,0,2,57565,10,52,37,19217
370,0,9,0,2,38000,14,16,15,0
371,1,4,0,3,15964,6,1,40,18
372,0,2,0,2,45873,13,52,40,17000
373,0,1,0,2,24910,10,46,68,2510
374,1,4,0,2,109013,14,5,30,3013
375,1,5,0,3,154730,16,48,40,35000
376,1,3,0,2,73873,15,18,40,9000
377,1,4,0,2,62100,14,52,40,30000
378,1,4,0,2,41720,6,52,40,18000
379,1,1,0,2,32534,11,52,40,24630
380,1,10,0,2,8479,11,52,34,6402
381,1,9,0,3,28370,10,16,40,2710
382,0,6,0,2,75600,11,50,40,35000
383,0,1,0,2,1628,6,0,0,0
384,0,7,0,2,10219,11,37,30,3546
385,0,0,0,2,59862,10,3,40,189
386,0,1,0,2,82000,14,16,25,0
387,0,5,0,3,16113,10,0,0,0
388,1,3,0,2,190000,15,52,40,28000
389,0,1,0,2,54429,14,0,0,0
390,1,6,0,2,63000,15,52,37,59000
391,0,8,0,2,95100,11,1,30,500
392,0,4,0,4,33600,14,0,0,0
393,1,12,0,6,84816,11,52,40,30565
394,1,8,0,4,37000,11,10,40,15000
395,0,0,0,2,44900,15,48,50,43000
396,1,3,0,2,29600,11,52,40,28000
397,1,8,0,3,39145,11,0,0,0
398,0,9,0,2,118800,15,26,37,17000
399,1,14,0,6,15726,5,36,40,14400
400,1,6,0,4,69550,11,25,35,0
401,0,3,0,2,17000,10,30,40,17000
402,1,6,0,2,68289,11,52,40,36650
403,0,5,0,2,53746,14,48,21,26000
404,1,2,0,2,14520,14,0,0,0
405,0,3,0,3,39091,10,48,50,0
406,1,0,0,2,18734,10,15,12,600
407,1,8,0,2,27930,10,52,45,27930
408,1,3,0,2,47452,11,52,37,24000
409,0,1,0,3,61680,14,48,37,22880
410,0,5,0,3,37253,12,50,10,0
411,0,0,0,2,71746,9,44,40,20000
412,0,9,0,2,76260,11,52,40,32400
413,0,9,0,3,59000,10,52,40,29000
414,1,1,0,2,77153,10,52,15,0
415,1,10,0,2,66000,10,0,0,0
416,0,8,0,3,73000,11,0,0,0
417,0,7,0,4,2500,10,0,0,0
418,0,12,0,3,1800,11,0,0,0
419,1,15,0,4,75000,11,52,40,35000
420,0,15,0,2,70070,6,0,0,0
421,0,6,0,2,51400,10,10,30,500
422,0,6,0,2,61614,11,0,0,0
423,0,4,0,2,85235,16,52,40,72000
424,1,12,0,3,53589,11,36,40,22000
425,0,2,0,2,22750,14,25,20,5000
426,1,2,0,2,79871,11,52,37,23000
427,0,8,0,4,49865,10,46,40,0
428,1,3,0,2,44273,14,0,0,0
429,1,10,0,2,7791,10,0,0,0
430,1,8,0,2,49746,11,0,0,0
431,0,3,0,2,76400,14,52,40,37500
432,1,7,0,2,71880,10,6,30,1880
433,1,12,0,2,74654,11,40,40,30000
434,1,9,0,4,28900,10,0,0,0
435,0,12,0,3,31746,12,52,30,30000
436,1,3,0,2,70400,10,16,50,0
437,0,7,0,2,35613,10,0,0,0
438,0,0,0,2,54000,14,0,0,0
439,1,1,0,2,83876,14,52,30,30000
440,1,8,0,3,30853,10,0,0,0
441,0,2,0,2,44746,11,52,41,11000
442,1,5,0,2,36680,10,1,40,280
443,1,2,0,2,58016,11,36,20,14000
444,0,0,0,2,70000,14,50,40,45000
445,0,7,0,3,58619,12,52,40,28000
446,0,7,0,2,58873,13,52,37,21000
447,1,3,0,2,52246,10,2,45,765
448,0,8,0,2,55836,10,36,35,12000
449,0,12,0,4,68465,11,52,40,24267
450,0,8,0,2,51746,11,52,40,25000
451,1,5,0,2,31544,11,24,30,1845
452,0,8,0,3,50746,11,52,40,27000
453,0,6,0,3,15873,10,26,20,12000
454,0,7,0,3,49537,10,44,15,2791
455,1,6,0,3,14613,11,36,35,12000
456,0,3,0,2,94720,13,0,0,0
457,1,3,0,3,36946,14,0,0,0
458,1,10,0,2,44000,12,49,40,21000
459,0,10,0,2,134215,10,36,40,57120
460,0,3,0,2,62746,10,52,50,26000
461,0,6,0,3,17676,10,0,0,0
462,1,3,0,2,54908,10,52,20,8908
463,1,6,0,3,35634,11,0,0,0
464,1,12,0,2,55253,11,52,38,16266
465,1,14,0,2,88300,10,0,0,0
466,1,4,0,3,22400,11,36,20,0
467,1,4,0,2,70100,14,44,40,36000
468,0,4,0,3,26030,11,40,60,6000
469,1,1,0,2,58000,11,52,37,22000
470,0,1,0,2,41850,16,52,40,40000
471,1,7,0,3,16600,11,48,50,9700
472,0,2,0,2,95000,10,2,40,32000
473,1,6,0,2,63246,14,4,40,1500
474,1,4,0,2,48164,11,50,50,20532
475,0,11,0,2,94600,15,52,40,47000
476,0,1,0,2,50873,11,0,0,0
477,1,14,0,2,72200,5,0,0,0
478,0,13,0,4,56000,11,26,30,0
479,0,4,0,2,47200,11,52,24,12000
480,1,5,0,4,24400,11,1,15,0
481,1,3,0,3,59499,10,52,37,25000
482,0,5,0,3,41515,10,45,40,12000
483,1,8,0,4,14943,11,22,30,6243
484,0,5,0,3,33544,11,16,40,3800
485,1,7,0,2,114000,11,52,40,39000
486,0,0,0,2,39000,7,0,0,0
487,0,7,0,2,112586,11,6,6,2000
488,0,2,0,2,64523,14,1,24,50
489,1,6,0,5,31632,11,0,0,0
490,0,8,0,2,32700,11,20,20,2700
491,0,9,0,2,36655,11,52,32,10000
492,1,6,0,3,7853,10,52,55,0
493,1,6,0,2,41696,10,0,0,0
494,1,2,0,3,14446,10,0,0,0
495,1,2,0,2,10837,10,32,54,9600
496,0,7,0,4,54256,10,0,0,0
497,0,1,0,2,63000,10,52,40,28000
498,1,4,0,3,34689,11,0,0,0
499,0,15,0,2,34591,11,52,42,18638
500,1,1,0,2,51800,14,52,40,33000
501,1,6,0,2,56991,14,52,40,17083
502,1,3,0,2,42200,11,52,40,4200
503,1,13,0,2,44200,14,52,37,42000
504,0,2,0,2,42664,12,0,0,0
505,1,3,0,2,37873,10,0,0,0
506,1,16,0,3,77140,12,52,20,11318
507,0,11,0,2,72962,14,40,20,19000
508,0,8,0,2,253150,15,32,12,10350
509,0,4,0,2,13873,10,52,40,13000
510,0,10,0,3,84501,15,36,50,45000
511,1,1,0,2,12500,12,0,0,0
512,1,9,0,2,16276,10,0,0,0
513,0,12,0,2,23873,10,52,30,23000
514,0,8,0,2,84100,14,52,37,29800
515,1,10,0,2,56430,10,45,50,0
516,1,1,0,2,25896,11,1,21,0
517,1,3,0,3,24200,11,4,24,200
518,1,8,0,2,57842,10,12,40,3000
519,0,10,0,2,14942,10,50,40,14000
520,0,3,0,2,29990,11,12,20,890
521,1,8,0,2,59100,11,52,40,27000
522,0,8,0,2,38619,14,52,60,36000
523,1,10,0,4,62178,11,52,40,0
524,0,3,0,2,51500,14,20,40,8000
525,0,3,0,2,30958,10,52,40,15000
526,0,5,0,5,25700,10,52,40,0
527,1,7,0,2,51397,12,52,24,20000
528,0,2,0,3,8000,11,0,0,0
529,0,2,0,3,40700,11,0,0,0
530,1,0,0,2,11821,10,50,40,11000
531,0,0,0,2,25248,14,52,40,20000
532,0,11,0,2,22376,12,48,40,10000
533,0,1,0,2,4610,11,21,30,4610
534,0,10,0,3,46740,10,52,20,0
535,0,8,0,2,3000,14,20,40,3000
536,0,6,0,3,32500,6,12,40,0
537,1,7,0,3,56000,14,24,25,6000
538,0,14,0,3,54650,16,52,40,28000
539,0,4,0,3,40850,11,0,0,0
540,1,1,0,2,28000,12,20,10,2000
541,0,7,0,2,56400,14,52,20,12000
542,0,5,0,2,38909,11,52,40,33390
543,1,6,0,4,33000,10,0,0,0
544,0,13,0,2,53619,10,12,8,1000
545,0,2,0,2,51732,14,52,40,45000
546,0,3,0,2,21000,11,52,30,21000
547,1,15,0,2,19937,11,51,24,7446
548,0,11,0,2,50870,11,51,20,5500
549,0,13,0,2,9673,10,20,32,3200
550,1,12,0,2,90500,14,42,45,44000
551,1,1,0,2,40000,11,0,0,0
552,1,3,0,3,19700,10,0,0,0
553,1,2,0,3,13379,10,4,35,179
554,0,3,0,3,6744,14,10,80,244
555,0,11,0,2,35425,15,52,40,34600
556,1,13,0,2,31373,1,52,40,27000
557,1,8,0,2,75835,11,52,40,30000
558,0,3,0,3,11715,10,0,0,0
559,1,9,0,4,47726,11,50,40,18000
560,0,13,0,5,76750,11,0,0,0
561,1,6,0,2,36000,15,36,35,13000
562,0,15,0,2,131000,11,52,40,25000
563,1,11,0,4,42500,11,46,50,0
564,1,6,1,5,75000,11,0,0,0
565,0,5,0,3,59508,10,2,21,352
566,0,12,0,2,50373,14,4,40,4000
567,1,5,0,2,35138,10,52,48,0
568,0,3,0,3,35346,11,0,0,0
569,1,10,0,2,12100,14,52,30,9000
570,1,6,0,2,88746,14,52,20,30000
571,0,1,0,2,63746,10,42,40,26000
572,0,14,0,2,60500,14,0,0,0
573,0,3,0,2,56000,10,0,0,0
574,0,5,0,4,13500,7,0,0,0
575,1,4,0,2,28692,11,12,32,1200
576,1,11,0,2,26746,14,0,0,0
577,0,15,0,4,41238,10,0,0,0
578,0,3,0,2,32580,14,52,50,0
579,0,8,0,3,50000,11,0,0,0
580,1,7,0,3,33492,11,52,35,12000
581,1,6,0,2,29873,10,52,40,8000
582,0,6,0,2,23000,11,52,40,0
583,1,9,0,4,37873,11,52,40,19000
584,1,0,0,2,15873,10,0,0,0
585,0,2,0,2,63800,13,52,32,36000
586,1,8,0,2,18500,11,52,40,10000
587,0,4,0,3,44392,15,0,0,0
588,1,6,0,3,23000,10,26,30,4000
589,1,10,0,2,37000,10,52,40,13000
590,0,13,0,2,38750,7,52,45,16000
591,1,0,0,2,14720,10,0,0,0
592,0,4,0,2,17473,11,12,35,1600
593,0,1,0,2,30000,11,52,35,11000
594,0,3,0,2,14000,10,12,36,2000
595,1,7,0,3,20460,10,16,20,5460
596,1,0,0,2,32405,10,50,40,0
597,0,3,0,2,17300,10,52,70,0
598,1,8,0,2,95746,14,0,0,0
599,1,4,0,2,56746,11,0,0,0
600,0,13,0,4,44546,15,32,3,0
601,1,7,0,4,55920,10,52,20,9000
602,0,8,0,4,33368,11,0,0,0
603,0,7,0,2,63640,15,39,37,41440
604,0,7,0,2,77750,14,38,40,38000
605,0,3,0,2,10739,12,0,0,0
606,0,6,0,2,57946,10,10,40,1200
607,0,13,0,2,88819,14,36,35,44000
608,1,3,0,2,89746,11,52,37,30000
609,1,3,0,2,75746,11,52,32,0
610,1,9,0,2,29946,11,30,20,1200
611,1,7,0,2,61871,12,40,16,6000
612,1,6,0,2,26476,14,0,0,0
613,0,13,0,2,41573,11,0,0,0
614,1,4,0,2,12238,11,32,7,4500
615,1,8,0,2,47873,14,52,40,35000
616,0,13,0,4,54046,14,52,20,8300
617,0,7,0,2,89850,15,36,50,42000
618,1,2,0,3,41748,14,52,30,3000
619,0,2,0,2,56346,11,52,45,35500
620,0,11,0,4,45752,11,24,30,4000
621,1,10,0,3,80100,11,30,20,1400
622,0,8,0,2,62991,11,32,10,2746
623,0,3,0,3,46746,10,0,0,0
624,0,4,0,2,24629,11,24,5,400
625,1,4,0,2,82000,15,52,40,42000
626,1,6,0,2,11286,7,16,37,1990
627,0,11,0,2,40000,13,16,35,4000
628,1,15,0,2,99843,12,52,37,23000
629,1,6,0,2,54500,13,0,0,0
630,1,9,0,2,14500,10,45,40,13000
631,0,7,0,2,52746,11,48,35,26000
632,1,6,0,2,197696,10,12,30,0
633,1,12,0,5,30873,10,52,40,22000
634,0,15,0,4,53592,10,30,32,0
635,0,2,0,2,55474,10,52,30,13728
636,1,7,0,2,99746,15,36,60,47000
637,1,14,0,2,64919,11,52,40,23500
638,0,6,0,4,43746,10,0,0,0
639,1,7,0,2,49746,14,0,0,0
640,0,14,0,2,113946,14,52,36,52000
641,0,1,0,2,31746,10,0,0,0
642,1,4,0,3,37746,10,0,0,0
643,1,0,0,2,44746,10,0,0,0
644,0,8,0,2,88306,14,52,55,39000
645,1,3,0,3,17746,11,0,0,0
646,0,8,0,5,46746,10,0,0,0
647,1,12,0,2,45819,7,16,40,10000
648,1,9,0,2,17873,11,52,40,17000
649,1,2,0,2,20746,11,0,0,0
650,0,8,0,2,40046,10,2,25,200
651,0,3,0,2,46400,14,52,50,14400
652,0,7,0,3,61224,11,48,38,13500
653,0,11,0,3,41746,10,52,25,10000
654,0,10,0,2,43458,11,0,0,0
655,0,1,0,2,59219,10,52,40,18000
656,1,2,0,2,28500,11,52,40,21000
657,0,3,0,3,44000,14,0,0,0
658,1,13,0,3,73624,14,40,23,8400
659,1,5,0,4,36087,10,52,50,0
660,0,5,0,3,74873,14,52,37,40000
661,1,10,0,3,63061,10,52,40,19000
662,1,5,0,2,56000,14,52,40,20000
663,1,5,0,3,25746,12,0,0,0
664,0,10,0,2,41619,10,0,0,0
665,0,4,0,3,29646,11,50,30,10000
666,1,9,0,3,25905,14,52,40,22000
667,1,2,0,3,30746,11,52,40,14000
668,0,1,0,2,44746,11,52,40,18000
669,1,0,0,2,28900,14,28,40,0
670,0,13,0,2,34119,10,36,40,12000
671,0,4,0,3,27873,9,52,40,27000
672,1,6,0,2,65246,14,24,16,3000
673,1,12,0,5,75373,11,22,20,0
674,1,13,0,3,72619,10,52,40,10000
675,1,15,0,2,56219,11,52,40,19000
676,0,2,0,3,20800,10,0,0,0
677,1,1,0,3,7280,10,0,0,0
678,1,1,0,2,27146,11,46,40,15000
679,0,14,0,3,54319,11,0,0,0
680,0,3,0,2,54170,10,48,40,24000
681,1,4,0,2,25000,11,36,40,10000
682,0,6,0,3,54288,11,52,3,1932
683,1,4,0,3,41746,11,0,0,0
684,0,2,0,3,25400,10,0,0,0
685,0,7,0,2,61746,8,0,0,0
686,1,14,0,5,9924,11,32,40,5524
687,0,10,0,4,24084,9,20,27,5872
688,1,9,0,3,183750,10,0,0,0
689,1,10,0,2,47043,12,52,33,11318
690,1,12,0,2,33739,10,30,38,13500
691,1,4,0,2,97619,14,37,37,40000
692,1,15,0,2,61642,8,52,40,20000
693,0,6,0,2,35215,11,52,40,17900
694,0,2,0,3,27746,11,0,0,0
695,0,1,0,2,61746,12,0,0,0
696,1,10,0,3,44846,10,52,40,21000
697,1,9,0,2,46123,8,52,30,15000
698,1,7,0,4,50873,11,0,0,0
699,1,4,0,2,12800,11,0,0,0
700,1,7,0,2,41800,11,52,37,16000
701,1,10,0,2,17746,11,0,0,0
702,0,11,0,2,26881,10,8,20,400
703,0,1,0,2,15870,11,0,0,0
704,0,4,0,2,13538,11,0,0,0
705,1,1,0,2,29042,14,0,0,0
706,0,1,0,2,29700,14,0,0,0
707,0,12,0,7,18840,12,0,0,0
708,1,3,0,2,31000,11,52,40,18000
709,0,1,0,3,15600,10,0,0,0
710,0,3,0,2,14000,11,15,20,2000
711,0,1,0,2,21478,10,0,0,0
712,1,4,0,2,18724,13,0,0,0
713,1,7,0,3,15000,7,0,0,0
714,1,11,0,3,48674,14,40,37,22000
715,1,0,0,2,21752,12,14,25,4000
716,1,8,0,2,30746,14,52,36,11000
717,1,1,0,2,16273,10,8,16,1000
718,1,8,0,6,35267,11,0,0,0
719,1,0,0,2,71746,14,20,50,20000
720,0,15,0,5,79500,14,52,40,27000
721,1,7,0,2,51154,1,0,0,0
722,0,15,0,2,85430,14,40,40,15268
723,0,2,0,2,62746,14,52,44,26000
724,0,7,0,2,80246,14,52,37,33500
725,1,9,0,2,111253,14,52,40,37600
726,1,5,0,3,58696,15,46,18,8500
727,1,9,0,2,95946,17,49,40,42000
728,0,0,0,2,94800,15,38,40,45000
729,1,0,0,2,42700,11,5,12,700
730,1,14,0,2,61777,11,30,60,7380
731,1,9,0,2,71746,10,50,40,28000
732,0,10,0,2,76362,10,36,40,24413
733,1,10,0,2,53746,11,52,20,0
734,0,14,0,2,83228,16,40,50,40000
735,0,0,0,2,31937,14,52,20,7121
736,1,9,0,3,58746,11,52,70,22000
737,0,7,0,2,35346,11,21,16,600
738,0,14,0,3,51700,10,12,40,1200
739,1,2,0,2,29447,10,10,40,3125
740,1,16,0,2,70357,10,52,30,16000
741,1,6,0,3,68046,10,4,25,300
742,1,0,0,2,43746,10,52,40,17000
743,0,11,0,2,28873,10,0,0,0
744,0,11,0,3,33573,11,16,40,19200
745,1,1,0,2,20946,10,40,40,11000
746,0,4,0,2,26000,10,48,40,17000
747,0,13,0,3,64350,9,0,0,0
748,1,2,0,2,69529,11,52,36,27000
749,0,11,0,2,74598,10,10,27,1350
750,0,0,0,2,55473,10,52,40,25600
751,1,1,0,2,36743,10,44,20,5000
752,0,2,0,2,62857,14,36,20,30000
753,0,14,0,4,46719,10,8,38,2600
754,0,10,0,3,15600,11,24,45,7000
755,1,1,0,2,40746,10,52,20,6000
756,1,13,0,2,111992,11,40,70,30000
757,1,8,0,2,41590,14,12,12,959
758,1,0,0,2,66337,14,47,40,23400
759,0,2,0,2,44674,11,16,40,5641
760,0,2,0,3,58873,14,1,60,1700
761,0,1,0,2,90825,10,0,0,0
762,0,1,0,2,50500,14,52,40,15000
763,1,11,0,3,7104,10,0,0,0
764,1,5,0,4,89746,11,15,30,2000
765,0,3,0,2,60873,11,0,0,0
766,0,6,0,3,65573,11,30,20,3500
767,0,4,0,2,77181,15,36,40,25000
768,0,8,0,2,76682,10,52,40,0
769,1,10,0,4,44746,14,36,25,23000
770,0,5,0,2,52046,15,3,20,300
771,0,6,0,2,94146,15,52,32,28000
772,1,7,0,2,96870,15,52,45,38000
773,1,1,0,2,52903,10,9,32,6000
774,1,10,0,2,45000,15,52,45,42000
775,1,11,0,2,66746,14,37,35,17000
776,0,10,0,2,66000,10,40,10,6000
777,0,5,0,2,59096,16,2,35,2000
778,1,7,0,3,25746,11,0,0,0
779,0,10,0,3,63991,11,52,40,36771
780,0,4,0,4,50105,11,52,45,0
781,1,9,0,2,58536,11,43,37,16000
782,1,10,0,4,50846,11,30,35,11000
783,0,13,0,3,56752,10,12,20,1800
784,1,4,0,3,56175,11,44,50,0
785,0,6,0,4,45733,14,0,0,0
786,0,7,1,3,62746,10,50,50,30000
787,0,3,0,2,51846,13,0,0,0
788,1,0,0,2,69826,10,0,0,0
789,0,3,0,2,145476,13,40,65,24000
790,0,5,0,2,65646,15,38,40,26000
791,0,8,0,2,25266,11,52,45,24393
792,1,3,0,2,50248,14,0,0,0
793,1,8,0,2,54224,12,52,37,22476
794,0,8,0,4,24000,10,40,40,12000
795,1,1,0,2,27000,8,0,0,0
796,1,13,0,2,24962,11,20,40,6278
797,1,13,0,2,88600,11,50,28,34000
798,0,7,0,2,70128,15,52,30,19000
799,0,14,0,3,56561,10,52,50,0
800,0,3,0,2,21773,11,52,15,14000
801,1,12,0,2,93870,14,52,40,33000
802,0,3,0,2,54666,13,5,16,5100
803,1,2,0,2,14397,14,52,28,6274
804,0,8,0,2,45746,12,52,38,16000
805,0,13,0,2,91970,11,52,38,48000
806,1,1,0,2,78500,14,52,37,38000
807,1,2,0,2,49848,11,52,40,16000
808,1,6,0,2,35000,13,52,40,18000
809,1,10,0,2,46873,14,52,40,46000
810,0,3,0,2,47145,14,52,5,2333
811,0,1,0,2,33022,11,14,40,3276
812,0,10,0,3,27542,11,36,32,8000
813,0,3,0,2,45746,10,52,35,22000
814,0,3,0,2,102246,14,36,40,15000
815,1,4,0,2,56546,10,52,50,0
816,0,3,0,2,42400,10,32,40,0
817,1,6,0,3,185496,11,0,0,0
818,0,10,0,2,108073,14,52,30,38000
819,1,5,0,2,38600,10,52,40,21000
820,0,4,0,3,14746,10,0,0,0
821,0,2,0,3,49300,11,16,35,4000
822,1,3,0,2,18313,10,9,40,2200
823,0,5,1,2,17873,11,48,40,17000
824,0,0,0,2,5875,8,48,40,4500
825,0,0,0,2,29866,7,0,0,0
826,1,5,0,3,10073,10,12,60,200
827,1,0,0,2,38546,11,52,40,16000
828,1,2,0,2,36946,14,0,0,0
829,0,3,0,2,8473,14,0,0,0
830,0,14,0,2,52146,15,52,40,45000
831,0,1,0,2,91746,14,52,37,48000
832,0,3,0,2,49073,10,52,37,27000
833,0,9,0,3,70873,11,52,40,55000
834,1,10,0,2,13666,10,24,40,5880
835,1,2,0,2,28500,11,20,37,2000
836,0,10,0,4,42066,11,52,40,24000
837,0,13,0,2,81119,14,52,30,19000
838,0,8,0,3,31246,10,0,0,0
839,0,0,0,2,59950,15,35,50,15000
840,1,10,0,3,57092,11,52,56,0
841,1,7,0,2,14000,11,52,45,13000
842,1,10,0,2,55246,11,40,20,5500
843,1,3,0,3,28596,10,20,25,450
844,0,0,0,2,63376,14,36,35,17000
845,1,3,0,2,81502,15,47,20,8800
846,0,0,0,2,46740,10,0,0,0
847,1,1,0,3,36854,10,16,30,1500
848,0,11,0,2,88000,11,52,37,30000
849,0,12,0,2,53850,10,52,35,16000
850,0,2,0,2,10890,11,0,0,0
851,0,6,0,3,6974,11,15,18,1200
852,0,8,0,2,37908,5,52,37,9162
853,1,4,0,2,58440,10,52,40,26000
854,1,11,0,4,58750,11,40,40,15397
855,1,12,0,2,97110,12,52,47,30000
856,1,8,0,2,32400,12,12,15,700
857,1,3,0,2,46873,14,0,0,0
858,0,9,0,2,82000,11,0,0,0
859,0,14,0,4,23746,6,52,40,17000
860,0,0,0,2,31746,10,0,0,0
861,0,4,0,2,7073,10,0,0,0
862,0,15,0,2,80892,10,7,84,12000
863,1,7,0,4,61746,13,52,60,25000
864,1,5,0,4,32546,7,3,30,300
865,1,9,0,5,51746,8,52,80,0
866,1,7,0,2,1719,13,0,0,0
867,1,0,0,2,59746,14,40,40,30000
868,0,4,0,2,89746,11,0,0,0
869,0,8,0,3,88246,11,17,12,1500
870,0,0,0,2,16123,7,0,0,0
871,1,12,0,2,102050,14,50,65,26000
872,1,11,0,2,57200,11,52,58,45000
873,1,9,0,3,27700,10,24,84,25000
874,0,9,0,3,60300,12,52,20,4800
875,1,7,0,3,27746,11,16,40,2000
876,1,14,0,3,73296,11,52,40,10000
877,0,10,0,4,48746,11,52,30,17000
878,0,9,0,3,54746,10,20,50,4000
879,1,5,0,2,49546,11,52,40,16800
880,1,0,0,2,33746,10,0,0,0
881,1,16,0,4,38960,11,36,40,8000
882,1,0,0,2,22746,11,16,30,2000
883,0,2,0,3,31000,11,0,0,0
884,1,4,0,3,49746,12,52,36,22000
885,0,5,0,2,100746,11,52,40,30000
886,1,7,0,2,79946,9,0,0,0
887,1,5,0,2,43273,10,50,50,40000
888,1,11,0,3,42746,10,52,27,11000
889,1,1,0,2,105743,10,0,0,0
890,0,7,0,2,63546,13,16,16,800
891,1,15,0,4,67938,12,52,40,15000
892,0,13,0,2,46219,10,30,30,11000
893,1,13,0,3,40000,10,0,0,0
894,1,5,0,3,71750,11,0,0,0
895,0,9,0,2,74400,10,52,40,4400
896,0,1,0,2,46746,14,52,40,26000
897,1,11,0,4,72746,11,0,0,0
898,1,9,0,5,18000,6,0,0,0
899,1,12,0,2,58370,11,40,38,17000
900,1,10,0,3,71628,10,52,40,19000
901,1,5,0,2,62000,10,52,40,12000
902,1,2,0,3,32252,10,6,32,500
903,1,2,0,2,40256,10,52,40,22256
904,1,0,0,2,17354,10,12,40,6000
905,0,5,0,4,16894,10,35,10,2178
906,1,1,0,2,51752,10,0,0,0
907,1,1,0,2,37352,14,52,20,10000
908,1,2,0,3,66895,10,24,12,5143
909,0,9,0,4,44752,14,0,0,0
910,1,2,0,3,30746,12,30,20,6500
911,1,5,0,2,90146,10,26,16,8400
912,0,11,0,2,83746,13,52,40,30000
913,0,10,0,3,46246,11,47,10,2000
914,1,7,0,2,9573,5,0,0,0
915,1,1,0,2,43652,10,0,0,0
916,1,4,0,3,132230,10,0,0,0
917,1,5,0,2,73746,14,36,40,35000
918,1,1,0,2,36746,7,0,0,0
919,0,7,0,2,73746,11,0,0,0
920,1,9,0,2,26074,10,8,99,0
921,1,3,0,3,8246,11,0,0,0
922,1,4,0,3,90461,15,42,18,0
923,0,8,0,2,28500,10,0,0,0
924,1,13,0,2,78746,11,4,99,7000
925,1,3,0,2,11271,11,0,0,0
926,0,4,0,2,121703,14,0,0,0
927,0,7,0,3,32800,14,24,30,1000
928,0,1,0,2,11267,9,1,16,240
929,0,7,0,2,36746,11,9,45,8000
930,1,8,0,2,72896,11,52,55,0
931,1,8,1,4,30873,14,0,0,0
932,1,6,0,3,35209,14,6,40,1563
933,0,3,0,2,27533,8,52,40,24000
934,1,4,0,3,14195,10,28,35,5449
935,1,6,0,3,24996,9,52,8,4660
936,1,5,0,2,38873,12,0,0,0
937,1,7,0,4,121103,10,0,0,0
938,0,10,0,2,16946,10,0,0,0
939,1,2,0,3,2600,14,10,60,1000
940,0,4,0,3,104546,10,1,25,2800
941,0,7,0,2,38000,14,36,45,36000
942,1,4,0,2,41073,14,8,3,200
943,0,3,0,2,27025,8,52,70,24000
944,0,6,0,3,49200,14,52,50,42000
945,0,6,0,2,56246,11,30,20,3500
946,1,8,0,2,31700,14,10,20,800
947,0,6,0,4,33746,11,12,20,3000
948,1,1,0,2,63746,10,40,40,12000
949,1,0,0,2,104252,14,40,40,31000
950,1,8,0,7,34949,5,0,0,0
951,0,1,0,2,9510,14,0,0,0
952,1,0,0,2,25746,14,0,0,0
953,1,8,0,3,60950,10,23,40,16000
954,1,6,0,2,56746,11,52,45,5000
955,1,8,0,3,58746,12,36,20,9000
956,1,5,0,2,55836,11,40,40,16000
957,0,2,0,2,56300,11,52,20,20000
958,1,4,0,2,68240,14,52,40,43000
959,1,0,0,3,34200,10,5,35,1200
960,1,2,0,3,54000,11,0,0,0
961,0,13,0,4,123347,10,6,72,6000
962,0,12,0,2,73619,10,36,20,10000
963,1,11,0,2,59496,10,0,0,0
964,0,13,0,3,108700,11,52,37,21656
965,0,0,0,2,36873,14,37,35,35000
966,1,6,0,3,28746,14,0,0,0
967,1,14,0,2,75119,10,0,0,0
968,0,2,0,2,82246,11,3,8,500
969,1,1,0,2,98846,12,52,40,20000
970,1,12,0,3,51983,10,34,45,19000
971,1,1,0,2,67746,11,29,40,17000
972,0,2,0,2,38846,12,26,25,700
973,0,2,0,2,38746,11,20,5,0
974,1,10,0,3,32556,10,20,80,10000
975,1,9,0,4,20000,8,0,0,0
976,1,2,0,2,61746,11,52,40,20000
977,1,6,0,2,53891,11,50,32,15175
978,1,1,0,2,79826,10,52,37,18000
979,0,2,0,2,18000,11,0,0,0
980,0,5,0,4,18825,14,14,50,9750
981,0,7,0,3,31026,10,52,40,22256
982,0,15,0,2,84593,11,52,45,45000
983,1,4,0,2,99746,14,49,25,13000
984,1,8,0,2,123563,14,36,99,47000
985,1,3,0,2,31746,10,52,40,16000
986,1,0,0,2,12272,10,15,40,3000
987,1,3,0,4,60576,11,40,2,4576
988,1,7,0,3,185496,7,0,0,0
989,1,7,0,2,194350,14,45,20,9000
990,0,1,0,2,2876,9,6,40,2000
991,0,14,0,2,11046,11,16,40,5583
992,0,14,0,2,62393,11,52,20,5200
993,0,8,0,4,36871,10,0,0,0
994,0,5,0,3,48750,11,0,0,0
995,0,8,0,4,16113,10,0,0,0
996,1,10,0,2,51000,14,35,15,4000
997,1,14,0,5,49483,5,46,40,10000
998,1,7,0,2,10473,5,0,0,0
999,1,2,0,3,53742,10,0,0,0
1000,0,13,0,4,33219,14,20,50,0
1001,0,15,0,6,59092,14,22,40,1200
1002,0,9,0,3,7900,11,44,20,3500
1003,0,10,0,3,91619,15,52,40,40000
1004,0,4,0,3,10000,14,0,0,0
1005,1,4,0,3,121830,15,6,4,500
1006,0,6,0,2,26746,11,50,35,10000
1007,0,4,0,2,19152,11,26,40,10000
1008,0,12,0,4,6417,9,14,20,2800
1009,1,5,0,2,10666,8,3,10,10
1010,1,10,0,2,1746,8,0,0,0
1011,1,12,0,4,24610,10,48,32,6000
1012,1,0,0,2,53746,11,16,40,2000
1013,0,11,0,2,77610,11,52,40,20000
1014,1,3,0,2,13746,10,0,0,0
1015,0,1,0,2,156365,12,52,40,60000
1016,0,0,0,2,61746,11,52,32,10000
1017,1,7,0,2,33873,11,52,40,33000
1018,1,11,0,2,47819,13,0,0,0
1019,0,5,0,4,21889,10,0,0,0
1020,0,1,0,3,57046,14,0,0,0
1021,0,5,0,3,30846,11,1,6,0
1022,0,3,1,2,55000,15,52,30,25000
1023,1,4,0,4,63800,14,41,25,21000
1024,0,6,0,2,46863,11,20,30,5000
1025,0,7,0,2,47004,8,0,0,0
1026,0,1,0,2,26700,11,42,40,25200
1027,0,1,0,2,46432,11,40,20,6000
1028,0,2,0,2,62406,10,6,30,660
1029,1,11,1,3,74598,11,52,40,16000
1030,0,7,0,2,49700,13,52,8,2900
1031,1,2,0,3,33152,10,0,0,0
1032,1,0,0,2,47226,14,26,50,13873
1033,0,9,0,2,80300,14,40,40,14000
1034,0,8,0,5,25295,10,0,0,0
1035,0,3,0,2,78500,11,0,0,0
1036,1,12,0,2,93881,14,38,40,21000
1037,0,1,0,2,16571,11,0,0,0
1038,0,1,0,2,93887,11,36,35,52000
1039,1,10,0,3,10208,7,0,0,0
1040,1,12,0,2,61746,13,0,0,0
1041,0,7,0,3,44346,11,0,0,0
1042,0,7,0,2,42746,10,52,40,41000
1043,1,7,0,2,58346,10,50,30,10000
1044,1,4,0,3,60000,14,0,0,0
1045,1,14,0,5,55946,11,0,0,0
1046,0,7,0,3,23746,14,26,50,10000
1047,0,4,0,2,47873,11,52,50,17000
1048,1,10,0,2,33500,10,30,20,3500
1049,0,15,0,4,27670,10,1,16,80
1050,0,5,0,4,18746,11,0,0,0
1051,0,8,0,3,41746,10,0,0,0
1052,0,1,0,2,36000,14,0,0,0
1053,1,4,0,3,18951,11,0,0,0
1054,0,3,0,3,36076,10,26,35,7550
1055,1,4,0,2,30951,10,6,30,1205
1056,1,8,0,2,18000,12,40,35,2000
1057,1,1,0,2,77000,11,0,0,0
1058,0,10,0,4,98840,11,0,0,0
1059,1,1,0,2,7500,10,0,0,0
1060,0,5,0,2,14584,11,2,5,40
1061,0,5,0,3,53796,11,1,5,50
1062,1,8,0,4,36446,10,0,0,0
1063,0,8,0,2,30162,7,0,0,0
1064,1,9,0,3,9861,10,0,0,0
1065,0,10,0,4,26986,10,24,30,10000
1066,1,0,0,2,62546,11,0,0,0
1067,0,11,0,4,46239,12,0,0,0
1068,0,11,0,2,52870,15,8,25,4000
1069,1,7,0,2,10571,10,0,0,0
1070,1,2,0,2,59500,14,40,40,32000
1071,0,11,0,2,19000,14,48,65,8000
1072,0,14,0,4,13676,10,32,30,7710
1073,1,8,0,3,50632,10,8,40,3000
1074,1,9,0,3,44006,10,36,40,22000
1075,0,1,0,2,25904,10,0,0,0
1076,0,2,0,3,56226,12,0,0,0
1077,1,2,0,2,57152,10,0,0,0
1078,1,12,0,4,10518,7,0,0,0
1079,1,3,0,2,42752,11,0,0,0
1080,0,7,0,4,71752,10,0,0,0
1081,0,7,0,4,72752,11,0,0,0
1082,1,0,0,2,20000,16,0,0,0
1083,0,1,0,3,38224,10,0,0,0
1084,0,2,0,2,25126,10,6,25,1500
1085,0,5,0,3,84000,11,52,15,18000
1086,0,7,0,2,51746,11,26,40,6000
1087,1,2,0,2,20133,10,0,0,0
1088,1,14,0,3,59000,10,50,40,15000
1089,0,0,0,2,139146,10,52,30,14400
1090,0,11,1,2,22863,10,4,15,237
1091,0,4,0,2,873,7,0,0,0
1092,0,3,0,2,33792,12,52,32,11000
1093,0,5,0,3,36753,10,52,24,900
1094,0,3,0,2,152000,14,0,0,0
1095,1,11,0,3,95119,11,25,30,4000
1096,0,4,0,3,40357,15,0,0,0
1097,0,0,0,2,32119,11,0,0,0
1098,0,11,0,5,25746,10,0,0,0
1099,0,7,0,2,60246,11,52,40,18500
1100,0,11,0,6,45346,11,0,0,0
1101,1,1,0,2,41746,14,0,0,0
1102,0,6,0,3,75226,16,52,4,1500
1103,0,8,0,2,60246,11,0,0,0
1104,0,13,0,2,27746,11,52,40,19000
1105,1,8,0,2,74716,11,52,30,0
1106,0,3,0,2,78446,14,9,60,6000
1107,1,7,0,6,49652,14,0,0,0
1108,0,5,0,2,74232,14,0,0,0
1109,1,1,0,3,39752,10,0,0,0
1110,0,2,0,2,34746,11,0,0,0
1111,1,4,0,3,49873,11,0,0,0
1112,0,5,0,3,88746,14,30,40,12000
1113,0,2,1,2,69873,10,48,36,12000
1114,1,10,0,4,42038,14,20,8,1400
1115,1,16,0,2,37492,11,15,12,2000
1116,0,8,0,3,43365,10,0,0,0
1117,1,11,0,4,45876,10,0,0,0
1118,1,1,0,2,36500,13,12,30,3500
1119,0,11,0,3,33874,12,20,40,9000
1120,1,10,0,2,39492,13,52,20,0
1121,1,11,0,3,23000,14,30,40,3000
1122,1,11,0,2,55600,10,36,20,4000
1123,0,10,0,2,46808,12,52,40,0
1124,1,9,0,3,39399,11,44,40,0
1125,0,1,0,2,48930,10,16,10,1000
1126,0,12,0,2,57448,10,52,40,13184
1127,1,13,0,4,68216,7,49,99,14151
1128,1,9,0,2,69746,14,19,99,28000
1129,1,0,0,2,44346,10,52,40,19000
1130,0,2,0,2,157730,10,52,14,12000
1131,0,2,0,2,46746,15,42,30,0
1132,1,11,0,3,106000,12,52,30,15000
1133,1,11,0,3,44746,11,16,20,3500
1134,0,6,0,2,20000,10,46,45,20000
1135,1,12,0,3,96746,14,36,18,5000
1136,0,10,0,2,57546,7,4,68,1000
1137,1,7,1,3,42385,11,0,0,0
1138,1,1,0,2,81946,11,2,12,200
1139,0,3,0,2,61752,11,0,0,0
1140,1,3,0,2,66519,11,48,15,6000
1141,1,3,0,2,16958,11,50,28,0
1142,0,4,0,2,62647,11,50,10,10000
1143,0,17,1,2,34489,11,32,35,6300
1144,0,8,0,3,16213,10,1,40,200
1145,0,6,0,5,16113,7,0,0,0
1146,0,0,0,2,18673,10,42,35,17000
1147,1,6,0,2,46746,10,0,0,0
1148,1,7,0,2,64646,11,40,30,500
1149,0,3,0,2,46746,10,36,45,0
1150,0,8,0,2,54496,10,32,40,8100
1151,0,5,0,2,35982,14,40,35,13000
1152,1,5,0,2,59746,10,49,30,10000
1153,1,11,0,5,72388,10,36,40,15642
1154,1,5,0,3,51440,11,16,40,0
1155,0,6,0,3,47246,10,49,20,7500
